{
  "Total" : {
    "transaction" : "Total",
    "sampleCount" : 500,
    "errorCount" : 0,
    "errorPct" : 0.0,
    "meanResTime" : 576.9920000000003,
    "medianResTime" : 826.0,
    "minResTime" : 162.0,
    "maxResTime" : 1059.0,
    "pct1ResTime" : 945.9000000000001,
    "pct2ResTime" : 967.95,
    "pct3ResTime" : 1022.9200000000001,
    "throughput" : 9.011606949751279,
    "receivedKBytesPerSec" : 1963.551851659938,
    "sentKBytesPerSec" : 1.3727211898925815
  },
  "NewBikes" : {
    "transaction" : "NewBikes",
    "sampleCount" : 500,
    "errorCount" : 0,
    "errorPct" : 0.0,
    "meanResTime" : 576.9920000000003,
    "medianResTime" : 826.0,
    "minResTime" : 162.0,
    "maxResTime" : 1059.0,
    "pct1ResTime" : 945.9000000000001,
    "pct2ResTime" : 967.95,
    "pct3ResTime" : 1022.9200000000001,
    "throughput" : 9.011606949751279,
    "receivedKBytesPerSec" : 1963.551851659938,
    "sentKBytesPerSec" : 1.3727211898925815
  }
}